{
    "version": "https://jsonfeed.org/version/1",
    "title": "Resurectum",
    "description": "",
    "home_page_url": "https://resurectum.buro.earth",
    "feed_url": "https://resurectum.buro.earth/feed.json",
    "user_comment": "",
    "author": {
        "name": "Rasmus Pave"
    },
    "items": [
        {
            "id": "https://resurectum.buro.earth/forside/",
            "url": "https://resurectum.buro.earth/forside/",
            "title": "Forside",
            "author": {
                "name": "Rasmus Pave"
            },
            "tags": [
            ],
            "date_published": "2024-09-06T11:50:33+02:00",
            "date_modified": "2024-09-06T11:50:33+02:00"
        },
        {
            "id": "https://resurectum.buro.earth/kontakt/",
            "url": "https://resurectum.buro.earth/kontakt/",
            "title": "Kontakt",
            "author": {
                "name": "Rasmus Pave"
            },
            "tags": [
            ],
            "date_published": "2024-09-06T11:50:07+02:00",
            "date_modified": "2024-09-06T11:50:07+02:00"
        },
        {
            "id": "https://resurectum.buro.earth/blogpost-1/",
            "url": "https://resurectum.buro.earth/blogpost-1/",
            "title": "Blogpost 1",
            "author": {
                "name": "Rasmus Pave"
            },
            "tags": [
                   "blogpost"
            ],
            "date_published": "2024-09-06T11:49:13+02:00",
            "date_modified": "2024-09-06T11:49:13+02:00"
        },
        {
            "id": "https://resurectum.buro.earth/resurectum/",
            "url": "https://resurectum.buro.earth/resurectum/",
            "title": "Resurectum",
            "author": {
                "name": "Rasmus Pave"
            },
            "tags": [
                   "persongalleri"
            ],
            "date_published": "2024-09-06T11:48:37+02:00",
            "date_modified": "2024-09-06T11:48:52+02:00"
        }
    ]
}
