<?xml version="1.0" encoding="utf-8"?>
<feed xmlns="http://www.w3.org/2005/Atom" xmlns:media="http://search.yahoo.com/mrss/">
    <title>Resurrectum</title>
    <link href="https://resurrectum.buro.earth/feed.xml" rel="self" />
    <link href="https://resurrectum.buro.earth" />
    <updated>2024-09-15T22:21:15+02:00</updated>
    <author>
        <name>Rasmus Pave</name>
    </author>
    <id>https://resurrectum.buro.earth</id>

    <entry>
        <title>Hjemmeside</title>
        <author>
            <name>Rasmus Pave</name>
        </author>
        <link href="https://resurrectum.buro.earth/hjemmeside/"/>
        <id>https://resurrectum.buro.earth/hjemmeside/</id>
            <category term="blogpost"/>

        <updated>2024-09-12T22:20:00+02:00</updated>
            <summary>
                <![CDATA[
                    Johannes jeg har mødt nede på Keramik og Kaffe har tilbudt mig at lave en hjemmeside til tegneserien. Epic!! Forleden blev jeg for første gang&hellip;
                ]]>
            </summary>
        <content type="html">
            <![CDATA[
                <p><span style="font-weight: 400;">Johannes jeg har mødt nede på Keramik og Kaffe har tilbudt mig at lave en hjemmeside til tegneserien. Epic!! Forleden blev jeg for første gang spurgt, om jeg havde en hjemmeside til projektet. Det manglede jeg. Nu sidder vi i K&amp;K’s kælder og programmerer den. Så sygt. Han er tech-wizard. </span></p>
            ]]>
        </content>
    </entry>
    <entry>
        <title>Jonas aka Resurrectum</title>
        <author>
            <name>Rasmus Pave</name>
        </author>
        <link href="https://resurrectum.buro.earth/jonas-aka-resurrectum/"/>
        <id>https://resurrectum.buro.earth/jonas-aka-resurrectum/</id>
            <category term="persongalleri"/>

        <updated>2024-09-12T13:43:03+02:00</updated>
            <summary>
                <![CDATA[
                    Jonas er en ung superhelt med særlige kræfter. Som barn blev han fortryllet af en skovnisse. Det har givet ham en overnaturlig mave-fauna, der producerer&hellip;
                ]]>
            </summary>
        <content type="html">
            <![CDATA[
                <p> </p>
<p><span style="font-weight: 400;">Jonas er en ung superhelt med særlige kræfter. Som barn blev han fortryllet af en skovnisse. Det har givet ham en overnaturlig mave-fauna, der producerer en magisk gødning, som kan genoplive alt dødt organisk materiale. Det vil sige planter, dyr og mennesker. Jonas er blevet pålagt et kæmpemæssigt ansvar, for sådan en fortryllelse, kan nemt blive en forbandelse. Og falder han i de forkerte hænder, kan det blive katastrofalt. Jonas må stå op for sig selv, og gøre det rigtige.</span></p>
            ]]>
        </content>
    </entry>
    <entry>
        <title>Butik</title>
        <author>
            <name>Rasmus Pave</name>
        </author>
        <link href="https://resurrectum.buro.earth/en-ting-man-kan-kobe/"/>
        <id>https://resurrectum.buro.earth/en-ting-man-kan-kobe/</id>
            <category term="butik"/>

        <updated>2024-09-12T10:58:18+02:00</updated>
            <summary>
                <![CDATA[
                    Velkommen i butikken! Her vil du i den nære fremtid kunne købe alt muligt lækkert lir! Tegneserier, klistermærker, merch, plakater osv.
                ]]>
            </summary>
        <content type="html">
            <![CDATA[
                <p><span style="font-weight: 400;">Velkommen i butikken! Her vil du i den nære fremtid kunne købe alt muligt lækkert lir! Tegneserier, klistermærker, merch, plakater osv.</span></p>
<p> </p>
            ]]>
        </content>
    </entry>
    <entry>
        <title>Forside</title>
        <author>
            <name>Rasmus Pave</name>
        </author>
        <link href="https://resurrectum.buro.earth/forside/"/>
        <id>https://resurrectum.buro.earth/forside/</id>

        <updated>2024-09-06T11:50:33+02:00</updated>
            <summary>
                <![CDATA[
                    Om tegneserien Resurrectum begyndte ligeså stille at forme sig for flere år siden. Som mange andre fortællinger, begyndte det med én særlig scene, som jeg&hellip;
                ]]>
            </summary>
        <content type="html">
            <![CDATA[
                <h1><span style="font-weight: 400;">Om tegneserien</span></h1>
<p><span style="font-weight: 400;">Resurrectum begyndte ligeså stille at forme sig for flere år siden. Som mange andre fortællinger, begyndte det med én særlig scene, som jeg havde haft i tankerne i lang tid. I oktober 2023 blev denne scene nedskrevet, og derfra udviklede det sig det til det, det er i dag. Tegneserien er et projekt drevet af passion og kærlighed for mediet, og ikke mindst fortællingerne.</span></p>
<p><span style="font-weight: 400;">Illustreret af Rasmus Broch, skrevet af Rasmus Pape.</span></p>
<h1><span style="font-weight: 400;">Intro til Resurrectum</span></h1>
<p><span style="font-weight: 400;">Resurrectum er en satirisk superhelte tegneserie, som foregår i landet Danskland. Vi følger Jonas, alias Resurrectum, som for nylig er blevet ansat i </span><i><span style="font-weight: 400;">Helteholdet</span></i><span style="font-weight: 400;"> -  det nationale superhelte-hold. Her skal han vende sig til sit nye arbejde, nye kollegaer, og en helt anden tilgang til hvad det vil sige at være helt. </span></p>
<p><span style="font-weight: 400;">Jonas har nogle helt unikke kræfter. Han har en overnaturlig mave fauna, der producerer en magisk gødning, der kan genoplive alt dødt organisk materiale. Det vil sige planter, dyr og ikke mindst mennesker. </span></p>
<p><span style="font-weight: 400;">Hans helte-karriere op til sin ansættelse i Helteholdet, har været som </span><i><span style="font-weight: 400;">Skovrideren</span></i><span style="font-weight: 400;">, hvor han har passet på naturen på Sydføn. Her har han haft en rolig tilværelse, og gjort byen Svineborg til en blomstrende provinsby, og dermed blevet en lokal helt. </span></p>
<p><span style="font-weight: 400;">En dag, som enhver anden, fandt han ved et uheld ud af, at hans kræfter også gjaldt mennesker. En person var begravet i skoven og fik en brat opvågning, da Jonas skulle gøde skovbunden. Det fandt cheftræner af Helteholdet Søren Rozentræ ud af, og med det samme tog han kontakt til Jonas og gav ham et tilbud, han ikke kunne takke nej til.</span></p>
            ]]>
        </content>
    </entry>
    <entry>
        <title>Kontakt</title>
        <author>
            <name>Rasmus Pave</name>
        </author>
        <link href="https://resurrectum.buro.earth/kontakt/"/>
        <id>https://resurrectum.buro.earth/kontakt/</id>

        <updated>2024-09-06T11:50:07+02:00</updated>
            <summary>
                <![CDATA[
                    Rasmus Pape 23869255 rasmuslystruppape@gmail.com @rasmuspapelademad
                ]]>
            </summary>
        <content type="html">
            <![CDATA[
                <p>Rasmus Pape<br>23869255<br>rasmuslystruppape@gmail.com<br>@rasmuspapelademad</p>
            ]]>
        </content>
    </entry>
    <entry>
        <title>Illustrator</title>
        <author>
            <name>Rasmus Pave</name>
        </author>
        <link href="https://resurrectum.buro.earth/blogpost-1/"/>
        <id>https://resurrectum.buro.earth/blogpost-1/</id>
            <category term="blogpost"/>

        <updated>2024-08-20T11:49:00+02:00</updated>
            <summary>
                <![CDATA[
                    Længe har jeg tænkt over hvordan faen tegneserien skulle laves. I starten overvejede jeg, at tegne den i hånden selv med akvarel. Jeg fandt hurtigt&hellip;
                ]]>
            </summary>
        <content type="html">
            <![CDATA[
                <p><span style="font-weight: 400;">Længe har jeg tænkt over hvordan faen tegneserien skulle laves. I starten overvejede jeg, at tegne den i hånden selv med akvarel. Jeg fandt hurtigt ud af, at jeg er bedre til at skrive end til at tegne. Jeg følte, at fortællingen fortjente en pænere stil, end den oprindelige tanke. I starten var jeg meget inspireret af Dr. Bizarro’s </span><i><span style="font-weight: 400;">Fjolletobak</span></i><span style="font-weight: 400;">, og Jarrad Wright’s </span><i><span style="font-weight: 400;">Big Lez Show</span></i><span style="font-weight: 400;">, som begge har en tung hjemmelavet stil.</span></p>
<p><span style="font-weight: 400;">Nej, Resurrectum skulle være slick. Jeg kom i tanke om en fyr jeg tidligere har arbejdet sammen med til noget coverart til et album. Rasmus Broch. Sindssyg streg han har. Jeg tog kontakt til ham tidligere på sommeren, om han kunne være interesseret i et samarbejde.</span></p>
<p><span style="font-weight: 400;">I dag har vi holdt første møde, og han er med på den! Første bind i Resurrectum serien forventes udgivet til november 2024.</span></p>
            ]]>
        </content>
    </entry>
    <entry>
        <title>Balle</title>
        <author>
            <name>Rasmus Pave</name>
        </author>
        <link href="https://resurrectum.buro.earth/balle/"/>
        <id>https://resurrectum.buro.earth/balle/</id>
        <media:content url="https://resurrectum.buro.earth/media/posts/7/Screenshot-from-2024-09-12-13-45-36.png" medium="image" />
            <category term="persongalleri"/>

        <updated>2024-08-12T13:45:00+02:00</updated>
            <summary>
                <![CDATA[
                        <img src="https://resurrectum.buro.earth/media/posts/7/Screenshot-from-2024-09-12-13-45-36.png" alt="" />
                    Jonas’ bedste ven og roommate. De bor sammen i Svineborg, og har indtil for nylig haft en hverdag sammen. Men som Jonas bliver mere og&hellip;
                ]]>
            </summary>
        <content type="html">
            <![CDATA[
                    <p><img src="https://resurrectum.buro.earth/media/posts/7/Screenshot-from-2024-09-12-13-45-36.png" class="type:primaryImage" alt="" /></p>
                <p><span style="font-weight: 400;">Jonas’ bedste ven og roommate. De bor sammen i Svineborg, og har indtil for nylig haft en hverdag sammen. Men som Jonas bliver mere og mere viklet ind i Helteholdet, bliver Balle overladt til sig. Ensomheden kryber ind i Balles sumpede tilværelse, og han må finde ud af, hvad han skal stille op med sit liv.</span></p>
            ]]>
        </content>
    </entry>
</feed>
